{"cameraMode":{"drawMode":0,"name":"Shaded","section":"Shading Mode"},"sceneLighting":true,"audioPlay":false,"sceneViewState":{"showFog":true,"showMaterialUpdate":false,"showSkybox":true,"showFlares":true,"showImageEffects":true,"showParticleSystems":true},"in2DMode":false,"pivot":{"x":-24.08005714416504,"y":320.0875244140625,"z":-464.5142517089844},"rotation":{"x":-0.08914551138877869,"y":-0.12694214284420014,"z":0.011456113308668137,"w":-0.987830638885498},"size":512.0825805664063,"orthographic":false}