{"cameraMode":{"drawMode":0,"name":"Shaded","section":"Shading Mode"},"sceneLighting":true,"audioPlay":false,"sceneViewState":{"showFog":true,"showMaterialUpdate":false,"showSkybox":true,"showFlares":true,"showImageEffects":true,"showParticleSystems":true},"in2DMode":false,"pivot":{"x":239.98777770996095,"y":82.78844451904297,"z":-19.589019775390626},"rotation":{"x":-0.10563342273235321,"y":-0.03233354911208153,"z":-0.008127870038151741,"w":-0.9939028024673462},"size":384.8641052246094,"orthographic":false}