{"cameraMode":{"drawMode":0,"name":"Shaded","section":"Shading Mode"},"sceneLighting":true,"audioPlay":false,"sceneViewState":{"showFog":true,"showMaterialUpdate":false,"showSkybox":true,"showFlares":true,"showImageEffects":true,"showParticleSystems":true},"in2DMode":false,"pivot":{"x":-0.9278733730316162,"y":0.5038286447525024,"z":0.9804809093475342},"rotation":{"x":-0.08757033944129944,"y":0.8293954133987427,"z":-0.13581359386444093,"w":-0.5347800254821777},"size":10.469592094421387,"orthographic":false}